<xml xmlns="http://www.w3.org/1999/xhtml">
  <tab name="Init" type="InitTab" active="false" scrollx="20" scrolly="0" scale="0.9"></tab>
  <tab name="New Tab" type="CommonTab" active="false" scrollx="42.38730631341821" scrolly="488.79403422555436" scale="0.8227024747918819">
    <block xmlns="https://developers.google.com/blockly/xml" type="whenClicked" id="#nwC/4vE4W?=d!?Y#J_@" inline="false" x="50" y="-430">
      <mutation xmlns="http://www.w3.org/1999/xhtml" adveventoptions="false" enableifmissed="false"></mutation>
      <field name="X_RAY">FALSE</field>
      <field name="DOUBLE_CLICK">FALSE</field>
      <field name="LEFT_BUTTON">TRUE</field>
      <field name="MIDDLE_BUTTON">TRUE</field>
      <field name="RIGHT_BUTTON">TRUE</field>
      <value name="VALUE">
        <shadow type="objectList" id="-dTSO5_;v~T5!.t#BiZ:">
          <field name="FIELDNAME">slab1</field>
        </shadow>
      </value>
      <statement name="DO">
        <block type="assignMaterial" id="YDqtuRbe.-7jJX196jQD">
          <value name="VALUE2">
            <shadow type="materialList" id="lf3WtxQkl2h7an3Tm2Wz">
              <field name="FIELDNAME">Metallic car pain</field>
            </shadow>
          </value>
          <value name="VALUE1">
            <shadow type="objectList" id="+fF[DzQH5]-0^)%~;-$S">
              <field name="FIELDNAME">body-car</field>
            </shadow>
          </value>
        </block>
      </statement>
    </block>
    <block xmlns="https://developers.google.com/blockly/xml" type="whenClicked" id="REQh+(6yh}H6N7sry{3M" inline="false" x="50" y="-310">
      <mutation xmlns="http://www.w3.org/1999/xhtml" adveventoptions="false" enableifmissed="false"></mutation>
      <field name="X_RAY">FALSE</field>
      <field name="DOUBLE_CLICK">FALSE</field>
      <field name="LEFT_BUTTON">TRUE</field>
      <field name="MIDDLE_BUTTON">TRUE</field>
      <field name="RIGHT_BUTTON">TRUE</field>
      <value name="VALUE">
        <shadow type="objectList" id="(oC*m-*cf)4.J?{EHmgy">
          <field name="FIELDNAME">slab2</field>
        </shadow>
      </value>
      <statement name="DO">
        <block type="assignMaterial" id="%V$JU/auFpZ^mNPa,:(]">
          <value name="VALUE2">
            <shadow type="materialList" id="c^Y.636kV?4c:-UY{$(b">
              <field name="FIELDNAME">Car Paint Chameleon</field>
            </shadow>
          </value>
          <value name="VALUE1">
            <shadow type="objectList" id="N`#9w^t65G_c#:wfp0Q6">
              <field name="FIELDNAME">body-car</field>
            </shadow>
          </value>
        </block>
      </statement>
    </block>
    <block xmlns="https://developers.google.com/blockly/xml" type="whenClicked" id="T1;PEDtlHAVpvZ[rvHp9" inline="false" x="50" y="-210">
      <mutation xmlns="http://www.w3.org/1999/xhtml" adveventoptions="false" enableifmissed="false"></mutation>
      <field name="X_RAY">FALSE</field>
      <field name="DOUBLE_CLICK">FALSE</field>
      <field name="LEFT_BUTTON">TRUE</field>
      <field name="MIDDLE_BUTTON">TRUE</field>
      <field name="RIGHT_BUTTON">TRUE</field>
      <value name="VALUE">
        <shadow type="objectList" id="B2;?LN{)T^Vb}(y`-=Dy">
          <field name="FIELDNAME">slab3</field>
        </shadow>
      </value>
      <statement name="DO">
        <block type="assignMaterial" id="|8#jgqo.DrA?-77RqKYD">
          <value name="VALUE2">
            <shadow type="materialList" id="3~,-B*vaFWJAGQG54u@]">
              <field name="FIELDNAME">Spicial car paint</field>
            </shadow>
          </value>
          <value name="VALUE1">
            <shadow type="objectList" id="#@Cp1L1.n*?75/3+Co`1">
              <field name="FIELDNAME">body-car</field>
            </shadow>
          </value>
        </block>
      </statement>
    </block>
    <block xmlns="https://developers.google.com/blockly/xml" type="whenClicked" id="oa*nrL#+GK0)g%=D@c(B" inline="false" x="50" y="-90">
      <mutation xmlns="http://www.w3.org/1999/xhtml" adveventoptions="false" enableifmissed="false"></mutation>
      <field name="X_RAY">FALSE</field>
      <field name="DOUBLE_CLICK">FALSE</field>
      <field name="LEFT_BUTTON">TRUE</field>
      <field name="MIDDLE_BUTTON">TRUE</field>
      <field name="RIGHT_BUTTON">TRUE</field>
      <value name="VALUE">
        <shadow type="objectList" id="fI==.4fO]$#y{DJRj6L]">
          <field name="FIELDNAME">Light Bulb</field>
        </shadow>
      </value>
      <statement name="DO">
        <block type="assignMaterial" id="VAD;XOsz5:fHd9vKM3(_">
          <value name="VALUE2">
            <shadow type="materialList" id="BCUagm9GhMS5_WJc![eR">
              <field name="FIELDNAME">Bulb Emmision Light</field>
            </shadow>
          </value>
          <value name="VALUE1">
            <shadow type="objectList" id="PI8*F_jvdgtr:DLRI4z:">
              <field name="FIELDNAME">lights-car</field>
            </shadow>
          </value>
        </block>
      </statement>
    </block>
    <block xmlns="https://developers.google.com/blockly/xml" type="whenClicked" id="ubgC^d{#uSrcftq`AqZ2" inline="false" x="62" y="47">
      <mutation xmlns="http://www.w3.org/1999/xhtml" adveventoptions="false" enableifmissed="false"></mutation>
      <field name="X_RAY">FALSE</field>
      <field name="DOUBLE_CLICK">FALSE</field>
      <field name="LEFT_BUTTON">TRUE</field>
      <field name="MIDDLE_BUTTON">TRUE</field>
      <field name="RIGHT_BUTTON">TRUE</field>
      <value name="VALUE">
        <shadow type="objectList" id="z):miFTVyI/i/qN=:o5x">
          <field name="FIELDNAME">Light Bulb.001</field>
        </shadow>
      </value>
      <statement name="DO">
        <block type="assignMaterial" id="uk%^2Ob2CyfOdn~Ujj0#">
          <value name="VALUE2">
            <shadow type="materialList" id="N2zKi~c{]%v2Ia0Q`nOp">
              <field name="FIELDNAME">Material</field>
            </shadow>
          </value>
          <value name="VALUE1">
            <shadow type="objectList" id="GRzU4@5p+bQ.6XHvOiCh">
              <field name="FIELDNAME">lights-car</field>
            </shadow>
          </value>
        </block>
      </statement>
    </block>
    <block xmlns="https://developers.google.com/blockly/xml" type="whenClicked" id="YF9Ie/pdMxAEhzJn)dJ;" inline="false" x="70" y="210">
      <mutation xmlns="http://www.w3.org/1999/xhtml" adveventoptions="false" enableifmissed="false"></mutation>
      <field name="X_RAY">FALSE</field>
      <field name="DOUBLE_CLICK">FALSE</field>
      <field name="LEFT_BUTTON">TRUE</field>
      <field name="MIDDLE_BUTTON">TRUE</field>
      <field name="RIGHT_BUTTON">TRUE</field>
      <value name="VALUE">
        <shadow type="objectList" id="!%L}~@@JLP_V=S[`c5n+">
          <field name="FIELDNAME">Light Bulb.002</field>
        </shadow>
      </value>
      <statement name="DO">
        <block type="assignMaterial" id="q%V.x-q4WSWQP-}KY3/G">
          <value name="VALUE2">
            <shadow type="materialList" id=";zh{;a;Dz-E|!.k/0Y8]">
              <field name="FIELDNAME">Material.001</field>
            </shadow>
          </value>
          <value name="VALUE1">
            <shadow type="objectList" id="F^27^Fost#?,C!neUeg}">
              <field name="FIELDNAME">lights-car</field>
            </shadow>
          </value>
        </block>
      </statement>
    </block>
  </tab>
  <tab name="animation" type="CommonTab" active="true" scrollx="119.36821994910724" scrolly="-584.5809121785405" scale="0.556837418177559">
    <variables xmlns="https://developers.google.com/blockly/xml">
      <variable id="O)1y1S*0V!IX8mibHPiL">status</variable>
    </variables>
    <block xmlns="https://developers.google.com/blockly/xml" type="variables_set" id="D*5|5A7GYTX2!G?sb+6h" x="70" y="390">
      <field name="VAR" id="O)1y1S*0V!IX8mibHPiL">status</field>
      <value name="VALUE">
        <block type="text" id="B@xOGN64~H/`3Po#-#Na">
          <field name="TEXT">closed</field>
        </block>
      </value>
    </block>
    <block xmlns="https://developers.google.com/blockly/xml" type="whenClicked" id="}b)7y[OQ=@.xE5/zh9]n" inline="false" x="70" y="530">
      <mutation xmlns="http://www.w3.org/1999/xhtml" adveventoptions="false" enableifmissed="false"></mutation>
      <field name="X_RAY">FALSE</field>
      <field name="DOUBLE_CLICK">FALSE</field>
      <field name="LEFT_BUTTON">TRUE</field>
      <field name="MIDDLE_BUTTON">TRUE</field>
      <field name="RIGHT_BUTTON">TRUE</field>
      <value name="VALUE">
        <shadow type="objectList" id="sBYt(eKv:Y.U6PHy#}pI">
          <field name="FIELDNAME">tyre 1</field>
        </shadow>
      </value>
      <statement name="DO">
        <block type="controls_if" id="a8WzvJT@!$OhkqJI896-">
          <mutation elseif="1"></mutation>
          <value name="IF0">
            <block type="logic_compare" id="L5!K+I/bxwy^$4K._(:?">
              <field name="OP">EQ</field>
              <value name="A">
                <block type="variables_get" id="r1nvNC*bW8dtIGLP0jgu">
                  <field name="VAR" id="O)1y1S*0V!IX8mibHPiL">status</field>
                </block>
              </value>
              <value name="B">
                <block type="text" id="gF)kZOuB@z+%ruli5u_,">
                  <field name="TEXT">closed</field>
                </block>
              </value>
            </block>
          </value>
          <statement name="DO0">
            <block type="playAnimationAdv" id="jeDMae{P.Ha^2W99l!97">
              <mutation xmlns="http://www.w3.org/1999/xhtml" advplaybackoptions="false" enablewhenfinished="true"></mutation>
              <field name="REVERSED">FALSE</field>
              <field name="LOOP">LoopOnce</field>
              <value name="VALUE">
                <shadow type="animationList" id="/o]0Sef2C%[WbT=W9/p=">
                  <field name="FIELDNAME">tyre 1</field>
                </shadow>
              </value>
              <statement name="DO">
                <block type="variables_set" id="u`oX4T#w.)M%t@1Z!/oP">
                  <field name="VAR" id="O)1y1S*0V!IX8mibHPiL">status</field>
                  <value name="VALUE">
                    <block type="text" id="~03,n3,DFd@@y[@3C~rX">
                      <field name="TEXT">open</field>
                    </block>
                  </value>
                </block>
              </statement>
            </block>
          </statement>
          <value name="IF1">
            <block type="logic_compare" id="Sw~xE;Y.cd-!*urFuK!-">
              <field name="OP">EQ</field>
              <value name="A">
                <block type="variables_get" id="@_.6jFX(YyyJGL,uUe;t">
                  <field name="VAR" id="O)1y1S*0V!IX8mibHPiL">status</field>
                </block>
              </value>
              <value name="B">
                <block type="text" id="E6_R#WrlY-H{gcPpkI1z">
                  <field name="TEXT">open</field>
                </block>
              </value>
            </block>
          </value>
          <statement name="DO1">
            <block type="playAnimationAdv" id="xhs^PgT?k%IfD(4K-2C!">
              <mutation xmlns="http://www.w3.org/1999/xhtml" advplaybackoptions="true" enablewhenfinished="true"></mutation>
              <field name="REVERSED">TRUE</field>
              <field name="LOOP">LoopOnce</field>
              <value name="VALUE">
                <shadow type="animationList" id="n}]1*NM{LT$$AC]AB]2E">
                  <field name="FIELDNAME">tyre 1</field>
                </shadow>
              </value>
              <value name="FROM">
                <shadow type="math_number" id="`Z3bBKlscz(`{P(Y3[@m">
                  <field name="NUM">1</field>
                </shadow>
              </value>
              <value name="TO">
                <shadow type="math_number" id="2~npv1=?]njrr[Mu/Npr">
                  <field name="NUM">30</field>
                </shadow>
              </value>
              <value name="SPEED">
                <shadow type="math_number" id="v|j1$y2fqWA0mMiWjGG=">
                  <field name="NUM">1</field>
                </shadow>
              </value>
              <statement name="DO">
                <block type="variables_set" id="p@5a(s)$eF`=}FB$pa8Q">
                  <field name="VAR" id="O)1y1S*0V!IX8mibHPiL">status</field>
                  <value name="VALUE">
                    <block type="text" id="(0O.`(D1wE[_1vT9z?5A">
                      <field name="TEXT">closed</field>
                    </block>
                  </value>
                </block>
              </statement>
            </block>
          </statement>
        </block>
      </statement>
    </block>
    <block xmlns="https://developers.google.com/blockly/xml" type="whenClicked" id="OnbnB[rr,$UfRp0_}(31" inline="false" x="90" y="950">
      <mutation xmlns="http://www.w3.org/1999/xhtml" adveventoptions="false" enableifmissed="false"></mutation>
      <field name="X_RAY">FALSE</field>
      <field name="DOUBLE_CLICK">FALSE</field>
      <field name="LEFT_BUTTON">TRUE</field>
      <field name="MIDDLE_BUTTON">TRUE</field>
      <field name="RIGHT_BUTTON">TRUE</field>
      <value name="VALUE">
        <shadow type="objectList" id="Qq!|C.Jwc8?|bvVUPji|">
          <field name="FIELDNAME">tyre 2</field>
        </shadow>
      </value>
      <statement name="DO">
        <block type="controls_if" id="^W_b|P){L~8qL^ddWv=/">
          <mutation elseif="1"></mutation>
          <value name="IF0">
            <block type="logic_compare" id="5Jf-HvH$,yl2;1e@nhi]">
              <field name="OP">EQ</field>
              <value name="A">
                <block type="variables_get" id="vtQR_xvHoaCFB/+:kTy/">
                  <field name="VAR" id="O)1y1S*0V!IX8mibHPiL">status</field>
                </block>
              </value>
              <value name="B">
                <block type="text" id="!.]Kq{`76W;Vg569w(=@">
                  <field name="TEXT">closed</field>
                </block>
              </value>
            </block>
          </value>
          <statement name="DO0">
            <block type="playAnimationAdv" id="c+oh41]xW5woEaAp53*R">
              <mutation xmlns="http://www.w3.org/1999/xhtml" advplaybackoptions="false" enablewhenfinished="true"></mutation>
              <field name="REVERSED">FALSE</field>
              <field name="LOOP">LoopOnce</field>
              <value name="VALUE">
                <shadow type="animationList" id="#%SZD8s.%N1C/`LtQf{^">
                  <field name="FIELDNAME">tyre 2</field>
                </shadow>
              </value>
              <statement name="DO">
                <block type="variables_set" id="D(d=sMKt^OORFH6j}5(o">
                  <field name="VAR" id="O)1y1S*0V!IX8mibHPiL">status</field>
                  <value name="VALUE">
                    <block type="text" id="`:5vN$vbE)i%TsiwmU^j">
                      <field name="TEXT">open</field>
                    </block>
                  </value>
                </block>
              </statement>
            </block>
          </statement>
          <value name="IF1">
            <block type="logic_compare" id="x(8C^~%x?|8^hKOWvCe:">
              <field name="OP">EQ</field>
              <value name="A">
                <block type="variables_get" id="vxU}2ELB/UIq)O1[FS]j">
                  <field name="VAR" id="O)1y1S*0V!IX8mibHPiL">status</field>
                </block>
              </value>
              <value name="B">
                <block type="text" id=";M|+,_Re`LJjUOfmeBHa">
                  <field name="TEXT">open</field>
                </block>
              </value>
            </block>
          </value>
          <statement name="DO1">
            <block type="playAnimationAdv" id="^0kp0x^kbms2SN9oby.6">
              <mutation xmlns="http://www.w3.org/1999/xhtml" advplaybackoptions="true" enablewhenfinished="true"></mutation>
              <field name="REVERSED">TRUE</field>
              <field name="LOOP">LoopOnce</field>
              <value name="VALUE">
                <shadow type="animationList" id="*-{7@K:p:2BkGIG]ECdg">
                  <field name="FIELDNAME">tyre 2</field>
                </shadow>
              </value>
              <value name="FROM">
                <shadow type="math_number" id="~YcsR0_N.+1(1J.E/r)|">
                  <field name="NUM">1</field>
                </shadow>
              </value>
              <value name="TO">
                <shadow type="math_number" id=")E8_HkZEx.]ap)=./_1#">
                  <field name="NUM">30</field>
                </shadow>
              </value>
              <value name="SPEED">
                <shadow type="math_number" id="UrGp~R[8mz+3uk[vn3VI">
                  <field name="NUM">1</field>
                </shadow>
              </value>
              <statement name="DO">
                <block type="variables_set" id="FtLTtuHd`Dhs?K*9se:|">
                  <field name="VAR" id="O)1y1S*0V!IX8mibHPiL">status</field>
                  <value name="VALUE">
                    <block type="text" id="_c|!}EUMRTe:-I7_uQ-]">
                      <field name="TEXT">closed</field>
                    </block>
                  </value>
                </block>
              </statement>
            </block>
          </statement>
        </block>
      </statement>
    </block>
    <block xmlns="https://developers.google.com/blockly/xml" type="whenClicked" id="rh~xAep|h}qBEl_T:Gm9" inline="false" x="122" y="1274">
      <mutation xmlns="http://www.w3.org/1999/xhtml" adveventoptions="false" enableifmissed="false"></mutation>
      <field name="X_RAY">FALSE</field>
      <field name="DOUBLE_CLICK">FALSE</field>
      <field name="LEFT_BUTTON">TRUE</field>
      <field name="MIDDLE_BUTTON">TRUE</field>
      <field name="RIGHT_BUTTON">TRUE</field>
      <value name="VALUE">
        <shadow type="objectList" id="/2;g|3K?km5-YKp_!1,-">
          <field name="FIELDNAME">tyre 3</field>
        </shadow>
      </value>
      <statement name="DO">
        <block type="controls_if" id="~(T`?$eMXO+%;G.IiE*r">
          <mutation elseif="1"></mutation>
          <value name="IF0">
            <block type="logic_compare" id="*[O4kU_xzDYbAVu^p|(E">
              <field name="OP">EQ</field>
              <value name="A">
                <block type="variables_get" id=".(_X-ML8D85c9AW/_#sk">
                  <field name="VAR" id="O)1y1S*0V!IX8mibHPiL">status</field>
                </block>
              </value>
              <value name="B">
                <block type="text" id="-c+6A}4h+_gMITAu^EmZ">
                  <field name="TEXT">closed</field>
                </block>
              </value>
            </block>
          </value>
          <statement name="DO0">
            <block type="playAnimationAdv" id="}}NYXAQA1+Y),nWlEB=8">
              <mutation xmlns="http://www.w3.org/1999/xhtml" advplaybackoptions="false" enablewhenfinished="true"></mutation>
              <field name="REVERSED">FALSE</field>
              <field name="LOOP">LoopOnce</field>
              <value name="VALUE">
                <shadow type="animationList" id="Nh(X8sW_d/};Gxwhs/S)">
                  <field name="FIELDNAME">tyre 3</field>
                </shadow>
              </value>
              <statement name="DO">
                <block type="variables_set" id="On=Z%Y~dGR2g+rtXDI(j">
                  <field name="VAR" id="O)1y1S*0V!IX8mibHPiL">status</field>
                  <value name="VALUE">
                    <block type="text" id="/D2BDy11c%%0x_NEp/u;">
                      <field name="TEXT">open</field>
                    </block>
                  </value>
                </block>
              </statement>
            </block>
          </statement>
          <value name="IF1">
            <block type="logic_compare" id="=-ZYCeUvXpg=@v6.vVsb">
              <field name="OP">EQ</field>
              <value name="A">
                <block type="variables_get" id="xX$rd2xRuuoifAgjX9=(">
                  <field name="VAR" id="O)1y1S*0V!IX8mibHPiL">status</field>
                </block>
              </value>
              <value name="B">
                <block type="text" id="9BtxdAF%DM-B|S[_O=z:">
                  <field name="TEXT">open</field>
                </block>
              </value>
            </block>
          </value>
          <statement name="DO1">
            <block type="playAnimationAdv" id="EThy2w5K~F8,s4xfLaeC">
              <mutation xmlns="http://www.w3.org/1999/xhtml" advplaybackoptions="true" enablewhenfinished="true"></mutation>
              <field name="REVERSED">TRUE</field>
              <field name="LOOP">LoopOnce</field>
              <value name="VALUE">
                <shadow type="animationList" id="r[(ef8!Vfx^,SRq]PNTV">
                  <field name="FIELDNAME">tyre 3</field>
                </shadow>
              </value>
              <value name="FROM">
                <shadow type="math_number" id="3T.r01T*Rca({N=f$[v5">
                  <field name="NUM">1</field>
                </shadow>
              </value>
              <value name="TO">
                <shadow type="math_number" id="L}L)a/u.0_UzWx[b5bL}">
                  <field name="NUM">30</field>
                </shadow>
              </value>
              <value name="SPEED">
                <shadow type="math_number" id="S,sz,pk23n*IFN5f_t{~">
                  <field name="NUM">1</field>
                </shadow>
              </value>
              <statement name="DO">
                <block type="variables_set" id=";u!V$X~5f3HTo:Ae0xT9">
                  <field name="VAR" id="O)1y1S*0V!IX8mibHPiL">status</field>
                  <value name="VALUE">
                    <block type="text" id="DGFT;@];O`K!7v^)}SoP">
                      <field name="TEXT">closed</field>
                    </block>
                  </value>
                </block>
              </statement>
            </block>
          </statement>
        </block>
      </statement>
    </block>
    <block xmlns="https://developers.google.com/blockly/xml" type="whenClicked" id="2M:T^ABf@H*o_o4kdYVE" inline="false" x="130" y="1630">
      <mutation xmlns="http://www.w3.org/1999/xhtml" adveventoptions="false" enableifmissed="false"></mutation>
      <field name="X_RAY">FALSE</field>
      <field name="DOUBLE_CLICK">FALSE</field>
      <field name="LEFT_BUTTON">TRUE</field>
      <field name="MIDDLE_BUTTON">TRUE</field>
      <field name="RIGHT_BUTTON">TRUE</field>
      <value name="VALUE">
        <shadow type="objectList" id="6m9#1W.6I~-uK{xrGC6D">
          <field name="FIELDNAME">tyre 4</field>
        </shadow>
      </value>
      <statement name="DO">
        <block type="controls_if" id="#7*exteM|t8bcai|BTN]">
          <mutation elseif="1"></mutation>
          <value name="IF0">
            <block type="logic_compare" id="bet:FI5,ic(LcyXs%hdf">
              <field name="OP">EQ</field>
              <value name="A">
                <block type="variables_get" id="us?1%y9o(#-O6-PN4DV?">
                  <field name="VAR" id="O)1y1S*0V!IX8mibHPiL">status</field>
                </block>
              </value>
              <value name="B">
                <block type="text" id="+A;.%kDwrBw7_Dy:{V-9">
                  <field name="TEXT">closed</field>
                </block>
              </value>
            </block>
          </value>
          <statement name="DO0">
            <block type="playAnimationAdv" id="|;HKaH7;Fy$yRdEPrqp_">
              <mutation xmlns="http://www.w3.org/1999/xhtml" advplaybackoptions="false" enablewhenfinished="true"></mutation>
              <field name="REVERSED">FALSE</field>
              <field name="LOOP">LoopOnce</field>
              <value name="VALUE">
                <shadow type="animationList" id="|7/th#^JVt,*hotag7zz">
                  <field name="FIELDNAME">tyre 4</field>
                </shadow>
              </value>
              <statement name="DO">
                <block type="variables_set" id="XE[7Oc!v)[q!2LyFre{)">
                  <field name="VAR" id="O)1y1S*0V!IX8mibHPiL">status</field>
                  <value name="VALUE">
                    <block type="text" id="=7d9T$iZD-c^W/:]lz]`">
                      <field name="TEXT">open</field>
                    </block>
                  </value>
                </block>
              </statement>
            </block>
          </statement>
          <value name="IF1">
            <block type="logic_compare" id="-e%L?XdF7]`l9+SMM^nD">
              <field name="OP">EQ</field>
              <value name="A">
                <block type="variables_get" id="7Uy2n~q@Oi!|d_dC4kr,">
                  <field name="VAR" id="O)1y1S*0V!IX8mibHPiL">status</field>
                </block>
              </value>
              <value name="B">
                <block type="text" id="*_~OlgXejf0uyjJz)K8i">
                  <field name="TEXT">open</field>
                </block>
              </value>
            </block>
          </value>
          <statement name="DO1">
            <block type="playAnimationAdv" id="1WO~BPJp_HPldgBZ3WaR">
              <mutation xmlns="http://www.w3.org/1999/xhtml" advplaybackoptions="true" enablewhenfinished="true"></mutation>
              <field name="REVERSED">TRUE</field>
              <field name="LOOP">LoopOnce</field>
              <value name="VALUE">
                <shadow type="animationList" id="v))M(/YN8R#f7-YD[O]!">
                  <field name="FIELDNAME">tyre 4</field>
                </shadow>
              </value>
              <value name="FROM">
                <shadow type="math_number" id="}m4R+zu;licl?~^%3]f:">
                  <field name="NUM">1</field>
                </shadow>
              </value>
              <value name="TO">
                <shadow type="math_number" id="=1d}_x!U@G)[zu7p05l9">
                  <field name="NUM">30</field>
                </shadow>
              </value>
              <value name="SPEED">
                <shadow type="math_number" id="9nw;[B|*ta9LWyziKhno">
                  <field name="NUM">1</field>
                </shadow>
              </value>
              <statement name="DO">
                <block type="variables_set" id="3l@3UA.Aon@X~7v{2RuB">
                  <field name="VAR" id="O)1y1S*0V!IX8mibHPiL">status</field>
                  <value name="VALUE">
                    <block type="text" id="gwv4Ti0NFwbp,j]gJf$G">
                      <field name="TEXT">closed</field>
                    </block>
                  </value>
                </block>
              </statement>
            </block>
          </statement>
        </block>
      </statement>
    </block>
  </tab>
  <editorsettings viewport-x="903.5999999999999" viewport-y="37" viewport-w="614.4" viewport-h="351" viewport-hidden="false" toolbox-library-mode="false" toolbox-minimized-mode="false"></editorsettings>
</xml>