<xml xmlns="http://www.w3.org/1999/xhtml">
  <tab name="Init" type="InitTab" active="false" scrollx="20" scrolly="0" scale="0.9"></tab>
  <tab name="New Tab" type="CommonTab" active="true" scrollx="10.4000244140625" scrolly="72.79998016357422" scale="0.9">
    <block xmlns="https://developers.google.com/blockly/xml" type="whenClicked" id="ubgC^d{#uSrcftq`AqZ2" inline="false" x="62" y="47">
      <mutation xmlns="http://www.w3.org/1999/xhtml" adveventoptions="false" enableifmissed="false"></mutation>
      <field name="X_RAY">FALSE</field>
      <field name="DOUBLE_CLICK">FALSE</field>
      <field name="LEFT_BUTTON">TRUE</field>
      <field name="MIDDLE_BUTTON">TRUE</field>
      <field name="RIGHT_BUTTON">TRUE</field>
      <value name="VALUE">
        <shadow type="objectList" id="z):miFTVyI/i/qN=:o5x">
          <field name="FIELDNAME">Light Bulb.001</field>
        </shadow>
      </value>
      <statement name="DO">
        <block type="assignMaterial" id="uk%^2Ob2CyfOdn~Ujj0#">
          <value name="VALUE2">
            <shadow type="materialList" id="N2zKi~c{]%v2Ia0Q`nOp">
              <field name="FIELDNAME">Material</field>
            </shadow>
          </value>
          <value name="VALUE1">
            <shadow type="objectList" id="GRzU4@5p+bQ.6XHvOiCh">
              <field name="FIELDNAME">lights-car</field>
            </shadow>
          </value>
        </block>
      </statement>
    </block>
    <block xmlns="https://developers.google.com/blockly/xml" type="whenClicked" id="YF9Ie/pdMxAEhzJn)dJ;" inline="false" x="70" y="210">
      <mutation xmlns="http://www.w3.org/1999/xhtml" adveventoptions="false" enableifmissed="false"></mutation>
      <field name="X_RAY">FALSE</field>
      <field name="DOUBLE_CLICK">FALSE</field>
      <field name="LEFT_BUTTON">TRUE</field>
      <field name="MIDDLE_BUTTON">TRUE</field>
      <field name="RIGHT_BUTTON">TRUE</field>
      <value name="VALUE">
        <shadow type="objectList" id="!%L}~@@JLP_V=S[`c5n+">
          <field name="FIELDNAME">Light Bulb.002</field>
        </shadow>
      </value>
      <statement name="DO">
        <block type="assignMaterial" id="q%V.x-q4WSWQP-}KY3/G">
          <value name="VALUE2">
            <shadow type="materialList" id=";zh{;a;Dz-E|!.k/0Y8]">
              <field name="FIELDNAME">Material.001</field>
            </shadow>
          </value>
          <value name="VALUE1">
            <shadow type="objectList" id="F^27^Fost#?,C!neUeg}">
              <field name="FIELDNAME">lights-car</field>
            </shadow>
          </value>
        </block>
      </statement>
    </block>
  </tab>
  <editorsettings viewport-x="903.5999999999999" viewport-y="37" viewport-w="614.4" viewport-h="351" viewport-hidden="false" toolbox-library-mode="false" toolbox-minimized-mode="false"></editorsettings>
</xml>